"prov","signif_week"
"Ilocos Sur","2016-19"
"Ilocos Sur","2016-20"
"Ilocos Sur","2016-21"
"Ilocos Sur","2016-22"
"Ilocos Sur","2016-23"
"Ilocos Sur","2016-24"
"Ilocos Sur","2016-25"
"Ilocos Sur","2016-26"
"Ilocos Sur","2016-27"
"Ilocos Sur","2016-28"
"Ilocos Sur","2016-29"
"Ilocos Sur","2016-30"
"Ilocos Sur","2016-31"
"Ilocos Sur","2016-32"
"Ilocos Sur","2016-33"
"Ilocos Sur","2016-34"
"Ilocos Sur","2016-35"
"Ilocos Sur","2016-36"
"Ilocos Sur","2016-37"
"Ilocos Sur","2016-38"
"Ilocos Sur","2016-39"
"Ilocos Sur","2016-40"
"Ilocos Sur","2016-41"
"Ilocos Sur","2016-42"
"Ilocos Sur","2016-43"
"Ilocos Sur","2016-44"
"Ilocos Sur","2016-45"
"Ilocos Sur","2016-46"
"Ilocos Sur","2016-47"
"Ilocos Sur","2016-48"
"Ilocos Sur","2016-49"
"La Union","2016-19"
"La Union","2016-20"
"La Union","2016-21"
"La Union","2016-22"
"La Union","2016-23"
"La Union","2016-24"
"La Union","2016-25"
"La Union","2016-26"
"La Union","2016-27"
"La Union","2016-28"
"La Union","2016-29"
"La Union","2016-30"
"La Union","2016-31"
"La Union","2016-32"
"La Union","2016-33"
"La Union","2016-34"
"La Union","2016-35"
"La Union","2016-36"
"La Union","2016-37"
"La Union","2016-38"
"La Union","2016-39"
"La Union","2016-40"
"La Union","2016-41"
"La Union","2016-42"
"La Union","2016-43"
"La Union","2016-44"
"La Union","2016-45"
"La Union","2016-46"
"La Union","2016-47"
"La Union","2016-48"
"La Union","2016-49"
"La Union","2016-50"
"La Union","2016-51"
"La Union","2016-52"
"Pangasinan","2016-19"
"Pangasinan","2016-20"
"Pangasinan","2016-21"
"Pangasinan","2016-22"
"Pangasinan","2016-23"
"Pangasinan","2016-24"
"Pangasinan","2016-25"
"Pangasinan","2016-26"
"Pangasinan","2016-27"
"Pangasinan","2016-28"
"Pangasinan","2016-29"
"Pangasinan","2016-30"
"Pangasinan","2016-31"
"Pangasinan","2016-32"
"Pangasinan","2016-33"
"Pangasinan","2016-34"
"Pangasinan","2016-35"
"Pangasinan","2016-36"
"Pangasinan","2016-37"
"Pangasinan","2016-38"
"Pangasinan","2016-39"
"Pangasinan","2016-40"
"Pangasinan","2016-41"
"Pangasinan","2016-42"
"Pangasinan","2016-43"
"Pangasinan","2016-44"
"Pangasinan","2016-45"
"Pangasinan","2016-46"
"Pangasinan","2016-47"
"Cagayan","2016-19"
"Cagayan","2016-20"
"Cagayan","2016-21"
"Cagayan","2016-22"
"Cagayan","2016-23"
"Cagayan","2016-24"
"Cagayan","2016-25"
"Cagayan","2016-26"
"Cagayan","2016-27"
"Cagayan","2016-28"
"Cagayan","2016-29"
"Cagayan","2016-30"
"Cagayan","2016-31"
"Cagayan","2016-32"
"Cagayan","2016-33"
"Cagayan","2016-34"
"Cagayan","2016-35"
"Cagayan","2016-36"
"Cagayan","2016-37"
"Cagayan","2016-38"
"Cagayan","2016-39"
"Cagayan","2016-40"
"Cagayan","2016-41"
"Cagayan","2016-42"
"Cagayan","2016-43"
"Cagayan","2017-25"
"Cagayan","2017-26"
"Cagayan","2017-27"
"Cagayan","2017-28"
"Cagayan","2017-29"
"Cagayan","2017-30"
"Cagayan","2017-31"
"Cagayan","2017-32"
"Cagayan","2017-33"
"Cagayan","2017-34"
"Cagayan","2017-35"
"Cagayan","2017-36"
"Cagayan","2017-37"
"Cagayan","2017-38"
"Cagayan","2017-39"
"Cagayan","2017-40"
"Cagayan","2017-41"
"Cagayan","2017-42"
"Isabela","2016-19"
"Isabela","2016-20"
"Isabela","2016-21"
"Isabela","2016-22"
"Isabela","2016-23"
"Isabela","2016-24"
"Isabela","2016-25"
"Isabela","2016-26"
"Isabela","2016-27"
"Isabela","2016-28"
"Isabela","2016-29"
"Isabela","2016-30"
"Isabela","2016-31"
"Isabela","2016-32"
"Isabela","2016-33"
"Isabela","2016-34"
"Isabela","2016-35"
"Isabela","2016-36"
"Isabela","2016-37"
"Isabela","2016-38"
"Isabela","2016-39"
"Isabela","2016-40"
"Isabela","2016-41"
"Isabela","2016-42"
"Isabela","2016-43"
"Isabela","2017-14"
"Isabela","2017-15"
"Isabela","2017-16"
"Isabela","2017-17"
"Isabela","2017-18"
"Isabela","2017-19"
"Isabela","2017-20"
"Isabela","2017-21"
"Isabela","2017-22"
"Isabela","2017-23"
"Isabela","2017-24"
"Isabela","2017-25"
"Isabela","2017-26"
"Isabela","2017-27"
"Isabela","2017-28"
"Isabela","2017-29"
"Isabela","2017-30"
"Isabela","2017-31"
"Isabela","2017-32"
"Isabela","2017-33"
"Isabela","2017-34"
"Isabela","2017-35"
"Isabela","2017-36"
"Bataan","2016-22"
"Bataan","2016-23"
"Bataan","2016-24"
"Bataan","2016-25"
"Bataan","2016-26"
"Bataan","2016-27"
"Bataan","2016-28"
"Bataan","2016-29"
"Bataan","2016-30"
"Bataan","2016-31"
"Bataan","2016-32"
"Bataan","2016-33"
"Bataan","2016-34"
"Bulacan","2016-19"
"Bulacan","2016-20"
"Bulacan","2016-21"
"Bulacan","2016-22"
"Bulacan","2016-23"
"Bulacan","2016-24"
"Bulacan","2016-25"
"Bulacan","2016-26"
"Bulacan","2016-27"
"Bulacan","2016-28"
"Bulacan","2016-29"
"Bulacan","2016-30"
"Bulacan","2016-31"
"Bulacan","2016-32"
"Bulacan","2016-33"
"Bulacan","2016-34"
"Bulacan","2016-35"
"Bulacan","2016-36"
"Bulacan","2016-37"
"Bulacan","2016-38"
"Bulacan","2016-39"
"Bulacan","2016-40"
"Bulacan","2016-41"
"Bulacan","2016-42"
"Bulacan","2016-43"
"Bulacan","2016-44"
"Bulacan","2016-45"
"Bulacan","2016-46"
"Bulacan","2016-47"
"Bulacan","2016-48"
"Bulacan","2016-49"
"Bulacan","2016-50"
"Bulacan","2016-51"
"Bulacan","2016-52"
"Bulacan","2017-01"
"Bulacan","2017-02"
"Bulacan","2017-03"
"Bulacan","2017-04"
"Bulacan","2017-05"
"Bulacan","2017-06"
"Bulacan","2017-07"
"Bulacan","2017-08"
"Bulacan","2017-09"
"Bulacan","2017-10"
"Bulacan","2017-11"
"Bulacan","2017-12"
"Bulacan","2017-13"
"Bulacan","2017-14"
"Bulacan","2017-15"
"Bulacan","2017-16"
"Bulacan","2017-17"
"Bulacan","2017-18"
"Bulacan","2017-19"
"Bulacan","2017-20"
"Bulacan","2017-21"
"Bulacan","2017-22"
"Bulacan","2017-23"
"Bulacan","2017-24"
"Bulacan","2017-25"
"Bulacan","2017-26"
"Bulacan","2017-27"
"Bulacan","2017-28"
"Bulacan","2017-29"
"Bulacan","2017-30"
"Bulacan","2017-31"
"Bulacan","2017-32"
"Bulacan","2017-33"
"Bulacan","2017-34"
"Bulacan","2017-35"
"Bulacan","2017-36"
"Bulacan","2017-37"
"Bulacan","2017-38"
"Bulacan","2017-39"
"Bulacan","2018-11"
"Bulacan","2018-12"
"Bulacan","2018-13"
"Bulacan","2018-14"
"Bulacan","2018-15"
"Bulacan","2018-16"
"Bulacan","2018-17"
"Bulacan","2018-18"
"Bulacan","2018-19"
"Bulacan","2018-20"
"Bulacan","2018-21"
"Bulacan","2018-22"
"Bulacan","2018-23"
"Bulacan","2018-24"
"Bulacan","2018-25"
"Bulacan","2018-26"
"Bulacan","2018-27"
"Bulacan","2018-28"
"Bulacan","2018-29"
"Bulacan","2018-30"
"Bulacan","2018-31"
"Bulacan","2018-32"
"Bulacan","2018-33"
"Bulacan","2018-34"
"Bulacan","2018-35"
"Bulacan","2018-36"
"Bulacan","2018-37"
"Bulacan","2018-38"
"Bulacan","2018-39"
"Bulacan","2018-40"
"Bulacan","2018-41"
"Bulacan","2018-42"
"Bulacan","2018-43"
"Bulacan","2018-44"
"Bulacan","2018-45"
"Bulacan","2018-46"
"Bulacan","2018-47"
"Bulacan","2018-48"
"Bulacan","2018-49"
"Bulacan","2018-50"
"Bulacan","2018-51"
"Bulacan","2018-52"
"Bulacan","2019-01"
"Bulacan","2019-02"
"Bulacan","2019-03"
"Bulacan","2019-04"
"Bulacan","2019-05"
"Bulacan","2019-06"
"Bulacan","2019-07"
"Bulacan","2019-08"
"Bulacan","2019-09"
"Bulacan","2019-10"
"Nueva Ecija","2016-19"
"Nueva Ecija","2016-20"
"Nueva Ecija","2016-21"
"Nueva Ecija","2016-22"
"Nueva Ecija","2016-23"
"Nueva Ecija","2016-24"
"Nueva Ecija","2016-25"
"Nueva Ecija","2016-26"
"Nueva Ecija","2016-27"
"Nueva Ecija","2016-28"
"Nueva Ecija","2016-29"
"Nueva Ecija","2016-30"
"Nueva Ecija","2016-31"
"Nueva Ecija","2016-32"
"Nueva Ecija","2016-33"
"Nueva Ecija","2016-34"
"Nueva Ecija","2016-35"
"Nueva Ecija","2016-36"
"Nueva Ecija","2016-37"
"Nueva Ecija","2017-24"
"Nueva Ecija","2017-25"
"Nueva Ecija","2017-26"
"Nueva Ecija","2017-27"
"Nueva Ecija","2017-28"
"Nueva Ecija","2017-29"
"Nueva Ecija","2017-30"
"Nueva Ecija","2017-31"
"Nueva Ecija","2017-32"
"Nueva Ecija","2017-33"
"Nueva Ecija","2017-34"
"Nueva Ecija","2017-35"
"Nueva Ecija","2017-36"
"Nueva Ecija","2017-37"
"Nueva Ecija","2018-13"
"Nueva Ecija","2018-14"
"Nueva Ecija","2018-15"
"Nueva Ecija","2018-16"
"Nueva Ecija","2018-17"
"Nueva Ecija","2018-18"
"Nueva Ecija","2018-43"
"Nueva Ecija","2018-44"
"Nueva Ecija","2018-45"
"Nueva Ecija","2018-46"
"Nueva Ecija","2018-47"
"Nueva Ecija","2018-48"
"Nueva Ecija","2018-49"
"Nueva Ecija","2018-50"
"Nueva Ecija","2018-51"
"Nueva Ecija","2018-52"
"Nueva Ecija","2019-01"
"Nueva Ecija","2019-02"
"Nueva Ecija","2019-03"
"Nueva Ecija","2019-04"
"Nueva Ecija","2019-05"
"Nueva Ecija","2019-06"
"Nueva Ecija","2019-07"
"Nueva Ecija","2019-08"
"Nueva Ecija","2019-09"
"Nueva Ecija","2019-10"
"Nueva Ecija","2019-11"
"Nueva Ecija","2019-12"
"Nueva Ecija","2019-13"
"Nueva Ecija","2019-14"
"Nueva Ecija","2019-15"
"Nueva Ecija","2019-16"
"Nueva Ecija","2019-17"
"Nueva Ecija","2019-18"
"Nueva Ecija","2019-19"
"Nueva Ecija","2019-20"
"Nueva Ecija","2019-21"
"Nueva Ecija","2019-22"
"Nueva Ecija","2019-23"
"Nueva Ecija","2019-24"
"Nueva Ecija","2019-25"
"Nueva Ecija","2019-26"
"Nueva Ecija","2019-27"
"Nueva Ecija","2019-28"
"Nueva Ecija","2019-29"
"Nueva Ecija","2019-30"
"Nueva Ecija","2019-31"
"Nueva Ecija","2019-32"
"Nueva Ecija","2019-33"
"Nueva Ecija","2019-34"
"Nueva Ecija","2019-35"
"Nueva Ecija","2019-36"
"Nueva Ecija","2019-37"
"Nueva Ecija","2019-38"
"Nueva Ecija","2019-39"
"Pampanga","2016-19"
"Pampanga","2016-20"
"Pampanga","2016-21"
"Pampanga","2016-22"
"Pampanga","2016-23"
"Pampanga","2016-24"
"Pampanga","2016-25"
"Pampanga","2016-26"
"Pampanga","2016-27"
"Pampanga","2016-28"
"Pampanga","2016-29"
"Pampanga","2016-30"
"Pampanga","2016-31"
"Pampanga","2016-32"
"Pampanga","2016-33"
"Pampanga","2016-34"
"Pampanga","2016-35"
"Pampanga","2016-36"
"Pampanga","2016-37"
"Pampanga","2016-38"
"Pampanga","2016-39"
"Pampanga","2016-40"
"Pampanga","2016-41"
"Pampanga","2016-42"
"Pampanga","2016-43"
"Pampanga","2016-44"
"Pampanga","2016-45"
"Pampanga","2016-46"
"Pampanga","2016-47"
"Pampanga","2016-48"
"Pampanga","2016-49"
"Pampanga","2016-50"
"Pampanga","2016-51"
"Pampanga","2016-52"
"Pampanga","2017-01"
"Pampanga","2017-02"
"Pampanga","2017-03"
"Pampanga","2017-04"
"Pampanga","2017-05"
"Pampanga","2017-06"
"Pampanga","2017-07"
"Pampanga","2017-08"
"Pampanga","2017-09"
"Pampanga","2017-10"
"Pampanga","2018-26"
"Pampanga","2018-27"
"Pampanga","2019-09"
"Pampanga","2019-10"
"Pampanga","2019-11"
"Pampanga","2019-12"
"Tarlac","2016-19"
"Tarlac","2016-20"
"Tarlac","2016-21"
"Tarlac","2016-22"
"Tarlac","2016-23"
"Tarlac","2016-24"
"Tarlac","2016-25"
"Tarlac","2016-26"
"Tarlac","2016-27"
"Tarlac","2016-28"
"Tarlac","2016-29"
"Tarlac","2016-30"
"Tarlac","2016-31"
"Tarlac","2016-32"
"Tarlac","2016-33"
"Tarlac","2016-34"
"Tarlac","2016-35"
"Tarlac","2016-36"
"Tarlac","2016-37"
"Tarlac","2016-38"
"Tarlac","2016-39"
"Tarlac","2016-40"
"Tarlac","2016-41"
"Tarlac","2016-42"
"Tarlac","2016-43"
"Tarlac","2016-44"
"Tarlac","2016-45"
"Tarlac","2016-46"
"Tarlac","2016-47"
"Tarlac","2016-48"
"Tarlac","2016-49"
"Tarlac","2016-50"
"Tarlac","2016-51"
"Tarlac","2016-52"
"Tarlac","2017-01"
"Tarlac","2017-02"
"Tarlac","2017-03"
"Tarlac","2017-04"
"Tarlac","2017-05"
"Tarlac","2017-06"
"Tarlac","2017-07"
"Tarlac","2017-24"
"Tarlac","2017-25"
"Tarlac","2017-26"
"Tarlac","2017-27"
"Tarlac","2017-28"
"Tarlac","2017-29"
"Tarlac","2017-30"
"Tarlac","2017-31"
"Tarlac","2017-32"
"Tarlac","2017-33"
"Tarlac","2018-29"
"Tarlac","2018-30"
"Tarlac","2018-31"
"Tarlac","2018-32"
"Tarlac","2018-33"
"Tarlac","2018-34"
"Tarlac","2018-35"
"Tarlac","2018-36"
"Tarlac","2018-37"
"Tarlac","2018-38"
"Tarlac","2018-39"
"Tarlac","2018-40"
"Tarlac","2018-41"
"Tarlac","2018-42"
"Tarlac","2018-50"
"Tarlac","2018-51"
"Tarlac","2018-52"
"Tarlac","2019-01"
"Tarlac","2019-02"
"Tarlac","2019-03"
"Tarlac","2019-04"
"Tarlac","2019-05"
"Tarlac","2019-06"
"Tarlac","2019-07"
"Tarlac","2019-08"
"Tarlac","2019-09"
"Tarlac","2019-10"
"Tarlac","2019-11"
"Tarlac","2019-12"
"Tarlac","2019-13"
"Tarlac","2019-14"
"Tarlac","2019-15"
"Tarlac","2019-16"
"Tarlac","2019-17"
"Tarlac","2019-18"
"Zambales","2016-19"
"Zambales","2016-20"
"Zambales","2016-21"
"Zambales","2016-22"
"Zambales","2016-23"
"Zambales","2016-24"
"Zambales","2016-25"
"Zambales","2016-26"
"Zambales","2016-27"
"Zambales","2016-28"
"Zambales","2016-29"
"Zambales","2016-30"
"Zambales","2016-31"
"Zambales","2016-32"
"Zambales","2016-33"
"Zambales","2016-34"
"Zambales","2016-35"
"Zambales","2016-36"
"Zambales","2016-37"
"Zambales","2016-38"
"Zambales","2016-39"
"Zambales","2016-40"
"Zambales","2016-41"
"Zambales","2016-42"
"Zambales","2016-43"
"Zambales","2016-44"
"Zambales","2016-45"
"Zambales","2016-46"
"Zambales","2016-47"
"Zambales","2016-48"
"Zambales","2016-49"
"Zambales","2016-50"
"Zambales","2016-51"
"Batangas","2016-27"
"Batangas","2016-28"
"Batangas","2016-29"
"Batangas","2016-30"
"Batangas","2016-31"
"Batangas","2016-32"
"Batangas","2016-33"
"Batangas","2016-34"
"Batangas","2016-35"
"Batangas","2016-36"
"Batangas","2016-37"
"Batangas","2016-38"
"Batangas","2016-39"
"Batangas","2016-40"
"Batangas","2016-41"
"Batangas","2016-42"
"Batangas","2016-43"
"Batangas","2016-44"
"Batangas","2016-45"
"Batangas","2016-46"
"Batangas","2016-47"
"Batangas","2016-48"
"Batangas","2016-49"
"Batangas","2016-50"
"Cavite","2016-19"
"Cavite","2016-20"
"Cavite","2016-21"
"Cavite","2016-22"
"Cavite","2016-23"
"Cavite","2016-24"
"Cavite","2016-25"
"Cavite","2016-26"
"Cavite","2016-27"
"Cavite","2016-28"
"Cavite","2016-29"
"Cavite","2016-30"
"Cavite","2016-31"
"Cavite","2016-32"
"Cavite","2016-33"
"Cavite","2016-34"
"Cavite","2016-35"
"Cavite","2016-36"
"Cavite","2016-37"
"Cavite","2016-38"
"Cavite","2016-39"
"Cavite","2016-40"
"Cavite","2016-41"
"Cavite","2016-42"
"Cavite","2016-43"
"Cavite","2016-44"
"Laguna","2016-19"
"Laguna","2016-20"
"Laguna","2016-21"
"Laguna","2016-22"
"Laguna","2016-23"
"Laguna","2016-24"
"Laguna","2016-25"
"Laguna","2016-26"
"Laguna","2016-27"
"Laguna","2016-28"
"Laguna","2016-29"
"Laguna","2016-30"
"Laguna","2016-31"
"Laguna","2016-32"
"Laguna","2016-33"
"Laguna","2016-34"
"Laguna","2016-35"
"Laguna","2016-36"
"Laguna","2016-37"
"Laguna","2016-38"
"Laguna","2016-39"
"Laguna","2016-40"
"Laguna","2016-41"
"Laguna","2016-42"
"Laguna","2016-43"
"Laguna","2016-44"
"Laguna","2016-45"
"Laguna","2016-46"
"Laguna","2016-47"
"Laguna","2016-48"
"Laguna","2016-49"
"Laguna","2016-50"
"Laguna","2016-51"
"Laguna","2016-52"
"Laguna","2017-01"
"Laguna","2017-02"
"Laguna","2017-03"
"Laguna","2017-04"
"Laguna","2018-31"
"Laguna","2018-32"
"Laguna","2018-33"
"Laguna","2018-34"
"Laguna","2018-35"
"Laguna","2018-36"
"Laguna","2018-37"
"Laguna","2018-38"
"Laguna","2018-39"
"Laguna","2018-40"
"Laguna","2018-41"
"Laguna","2018-42"
"Laguna","2018-43"
"Laguna","2018-44"
"Laguna","2018-45"
"Laguna","2018-46"
"Laguna","2018-47"
"Laguna","2018-48"
"Laguna","2018-49"
"Laguna","2018-50"
"Quezon","2016-19"
"Quezon","2016-20"
"Quezon","2016-21"
"Quezon","2016-22"
"Quezon","2016-23"
"Quezon","2016-24"
"Quezon","2016-25"
"Quezon","2016-26"
"Quezon","2016-27"
"Quezon","2016-28"
"Quezon","2016-29"
"Quezon","2016-30"
"Quezon","2016-31"
"Quezon","2016-32"
"Quezon","2016-33"
"Quezon","2016-34"
"Quezon","2016-35"
"Quezon","2016-36"
"Quezon","2016-37"
"Quezon","2016-38"
"Quezon","2016-39"
"Quezon","2016-40"
"Quezon","2016-41"
"Quezon","2016-42"
"Quezon","2016-43"
"Rizal","2016-19"
"Rizal","2016-20"
"Rizal","2016-21"
"Rizal","2016-22"
"Rizal","2016-23"
"Rizal","2016-24"
"Rizal","2016-25"
"Rizal","2016-26"
"Rizal","2016-27"
"Rizal","2016-28"
"Rizal","2016-29"
"Rizal","2016-30"
"Rizal","2016-31"
"Rizal","2016-32"
"Rizal","2016-33"
"Rizal","2016-34"
"Rizal","2016-35"
"Rizal","2016-36"
"Rizal","2016-37"
"Rizal","2016-38"
"Rizal","2016-39"
"Rizal","2016-40"
"Rizal","2016-41"
"Rizal","2016-42"
"Rizal","2016-43"
"Rizal","2016-44"
"Rizal","2016-45"
"Rizal","2016-46"
"Rizal","2016-47"
"Rizal","2016-48"
"Rizal","2016-49"
"Rizal","2016-50"
"Rizal","2016-51"
"Rizal","2016-52"
"Rizal","2017-01"
"Rizal","2017-02"
"Rizal","2017-03"
"Rizal","2017-04"
"Rizal","2017-05"
"Rizal","2017-06"
"Rizal","2017-07"
"Rizal","2017-08"
"Rizal","2017-09"
"Rizal","2017-10"
"Rizal","2017-11"
"Rizal","2017-12"
"Rizal","2017-13"
"Rizal","2017-14"
"Rizal","2017-15"
"Rizal","2017-16"
"Rizal","2017-17"
"Rizal","2017-18"
"Rizal","2017-19"
"Rizal","2017-20"
"Rizal","2017-21"
"Rizal","2017-22"
"Rizal","2017-23"
"Rizal","2017-24"
"Rizal","2017-25"
"Rizal","2017-26"
"Rizal","2017-27"
"Rizal","2017-28"
"Rizal","2017-29"
"Rizal","2017-30"
"Rizal","2017-31"
"Rizal","2017-32"
"Rizal","2017-33"
"Rizal","2017-34"
"Rizal","2017-35"
"Rizal","2017-36"
"Rizal","2017-37"
"Rizal","2017-38"
"Rizal","2017-39"
"Rizal","2017-40"
"Rizal","2018-16"
"Rizal","2018-17"
"Rizal","2018-18"
"Rizal","2018-19"
"Rizal","2018-20"
"Rizal","2018-21"
"Rizal","2018-22"
"Rizal","2018-23"
"Rizal","2018-24"
"Rizal","2018-25"
"Rizal","2018-26"
"Rizal","2018-27"
"Rizal","2018-28"
"Rizal","2018-29"
"Rizal","2018-30"
"Rizal","2018-31"
"Rizal","2018-32"
"Rizal","2018-33"
"Rizal","2018-34"
"Rizal","2018-35"
"Rizal","2018-36"
"Rizal","2018-37"
"Rizal","2018-38"
"Rizal","2018-39"
"Rizal","2018-40"
"Rizal","2018-41"
"Albay","2016-19"
"Albay","2016-20"
"Albay","2016-21"
"Albay","2016-22"
"Albay","2016-23"
"Albay","2016-24"
"Albay","2016-25"
"Albay","2016-26"
"Albay","2016-27"
"Albay","2016-28"
"Albay","2016-29"
"Albay","2016-30"
"Albay","2016-31"
"Albay","2016-32"
"Albay","2016-33"
"Albay","2016-34"
"Albay","2016-35"
"Albay","2016-36"
"Albay","2016-37"
"Albay","2016-38"
"Albay","2016-39"
"Albay","2016-40"
"Albay","2016-41"
"Albay","2016-42"
"Albay","2016-43"
"Albay","2016-44"
"Albay","2016-45"
"Albay","2016-46"
"Albay","2016-47"
"Albay","2016-48"
"Albay","2016-49"
"Albay","2016-50"
"Albay","2016-51"
"Albay","2016-52"
"Albay","2017-01"
"Albay","2017-02"
"Albay","2017-03"
"Albay","2017-04"
"Albay","2017-05"
"Albay","2017-06"
"Albay","2017-07"
"Albay","2017-08"
"Albay","2017-09"
"Albay","2017-10"
"Albay","2017-11"
"Albay","2017-12"
"Albay","2017-13"
"Albay","2017-14"
"Albay","2017-15"
"Albay","2017-16"
"Albay","2017-17"
"Albay","2017-18"
"Albay","2017-19"
"Albay","2018-12"
"Albay","2018-13"
"Albay","2018-14"
"Albay","2018-15"
"Albay","2018-16"
"Albay","2018-17"
"Albay","2018-18"
"Albay","2018-19"
"Albay","2018-20"
"Albay","2018-21"
"Albay","2018-22"
"Albay","2018-23"
"Albay","2018-24"
"Albay","2018-25"
"Albay","2018-26"
"Albay","2018-27"
"Albay","2018-28"
"Albay","2018-29"
"Albay","2018-30"
"Albay","2018-31"
"Albay","2018-32"
"Albay","2018-33"
"Albay","2018-34"
"Albay","2018-35"
"Albay","2018-36"
"Albay","2018-37"
"Albay","2018-38"
"Albay","2018-39"
"Albay","2018-40"
"Albay","2018-41"
"Albay","2018-42"
"Albay","2018-43"
"Albay","2018-44"
"Albay","2018-45"
"Albay","2018-46"
"Albay","2018-47"
"Albay","2018-48"
"Albay","2018-49"
"Albay","2018-50"
"Albay","2018-51"
"Albay","2018-52"
"Albay","2019-01"
"Albay","2019-02"
"Albay","2019-03"
"Camarines Sur","2016-31"
"Camarines Sur","2016-32"
"Camarines Sur","2016-33"
"Camarines Sur","2016-34"
"Camarines Sur","2016-35"
"Camarines Sur","2016-36"
"Camarines Sur","2016-37"
"Camarines Sur","2016-38"
"Camarines Sur","2016-39"
"Camarines Sur","2016-40"
"Camarines Sur","2016-41"
"Camarines Sur","2016-42"
"Camarines Sur","2016-43"
"Camarines Sur","2016-44"
"Camarines Sur","2016-45"
"Camarines Sur","2016-46"
"Camarines Sur","2019-29"
"Camarines Sur","2019-30"
"Camarines Sur","2019-31"
"Camarines Sur","2019-32"
"Camarines Sur","2019-33"
"Camarines Sur","2019-34"
"Masbate","2016-19"
"Masbate","2016-20"
"Masbate","2016-21"
"Masbate","2016-22"
"Masbate","2016-23"
"Masbate","2016-24"
"Masbate","2016-25"
"Masbate","2016-26"
"Masbate","2016-27"
"Masbate","2016-28"
"Masbate","2016-29"
"Masbate","2016-30"
"Masbate","2016-31"
"Masbate","2016-32"
"Bohol","2016-19"
"Bohol","2016-20"
"Bohol","2016-21"
"Bohol","2016-22"
"Bohol","2016-23"
"Bohol","2016-24"
"Bohol","2016-25"
"Bohol","2016-26"
"Bohol","2016-27"
"Bohol","2016-28"
"Bohol","2016-29"
"Bohol","2016-30"
"Bohol","2016-31"
"Bohol","2016-32"
"Bohol","2016-33"
"Bohol","2016-34"
"Bohol","2016-35"
"Bohol","2016-36"
"Bohol","2016-37"
"Bohol","2016-38"
"Bohol","2016-39"
"Cebu","2016-19"
"Cebu","2016-20"
"Cebu","2016-21"
"Cebu","2016-22"
"Cebu","2016-23"
"Cebu","2016-24"
"Cebu","2016-25"
"Cebu","2016-26"
"Cebu","2016-27"
"Cebu","2016-28"
"Cebu","2016-29"
"Cebu","2016-30"
"Cebu","2016-31"
"Cebu","2016-32"
"Cebu","2016-33"
"Cebu","2016-34"
"Cebu","2016-35"
"Cebu","2016-36"
"Cebu","2016-37"
"Cebu","2016-38"
"Cebu","2016-39"
"Cebu","2016-40"
"Cebu","2016-41"
"Cebu","2016-42"
"Cebu","2016-43"
"Cebu","2016-44"
"Cebu","2016-45"
"Cebu","2016-46"
"Cebu","2016-47"
"Cebu","2016-48"
"Cebu","2016-49"
"Cebu","2016-50"
"Cebu","2016-51"
"Cebu","2018-24"
"Cebu","2018-25"
"Cebu","2018-26"
"Cebu","2018-27"
"Cebu","2018-28"
"Cebu","2018-29"
"Cebu","2018-30"
"Cebu","2018-31"
"Cebu","2018-32"
"Cebu","2018-33"
"Cebu","2018-34"
"Cebu","2018-35"
"Cebu","2018-36"
"Cebu","2018-37"
"Cebu","2018-38"
"Cebu","2018-39"
"Cebu","2018-40"
"Cebu","2018-41"
"Cebu","2018-42"
"Cebu","2018-43"
"Cebu","2018-44"
"Cebu","2018-45"
"Cebu","2018-46"
"Cebu","2018-47"
"Cebu","2018-48"
"Cebu","2018-49"
"Cebu","2018-50"
"Cebu","2018-51"
"Cebu","2018-52"
"Cebu","2019-01"
"Cebu","2019-02"
"Cebu","2019-03"
"Cebu","2019-04"
"Cebu","2019-05"
"Cebu","2019-06"
"Cebu","2019-07"
"Cebu","2019-08"
"Cebu","2019-09"
"Cebu","2019-10"
"Cebu","2019-11"
"Cebu","2019-12"
"Cebu","2019-13"
"Negros Oriental","2016-19"
"Negros Oriental","2016-20"
"Negros Oriental","2016-21"
"Negros Oriental","2016-22"
"Negros Oriental","2016-23"
"Negros Oriental","2016-24"
"Negros Oriental","2016-25"
"Negros Oriental","2016-26"
"Negros Oriental","2016-27"
"Negros Oriental","2016-28"
"Negros Oriental","2016-29"
"Negros Oriental","2016-30"
"Negros Oriental","2017-30"
"Negros Oriental","2017-31"
"Negros Oriental","2017-32"
"Negros Oriental","2017-33"
"Negros Oriental","2017-34"
"Negros Oriental","2017-35"
"Negros Oriental","2017-36"
"Negros Oriental","2017-37"
"Negros Oriental","2018-45"
"Negros Oriental","2018-46"
"Negros Oriental","2018-47"
"Negros Oriental","2018-48"
"Negros Oriental","2018-49"
"Negros Oriental","2018-50"
"Negros Oriental","2018-51"
"Negros Oriental","2018-52"
"Negros Oriental","2019-01"
"Negros Oriental","2019-02"
"Negros Oriental","2019-03"
"Negros Oriental","2019-04"
"Negros Oriental","2019-05"
"Negros Oriental","2019-06"
"Negros Oriental","2019-07"
"Negros Oriental","2019-08"
"Negros Oriental","2019-09"
"Negros Oriental","2019-10"
"Negros Oriental","2019-11"
"Negros Oriental","2019-12"
"Negros Oriental","2019-13"
"Negros Oriental","2019-14"
"Negros Oriental","2019-15"
"Negros Oriental","2019-16"
"Negros Oriental","2019-17"
"Negros Oriental","2019-18"
"Negros Oriental","2019-19"
"Negros Oriental","2019-20"
"Negros Oriental","2019-21"
"Negros Oriental","2019-22"
"Negros Oriental","2019-23"
"Negros Oriental","2019-24"
"Negros Oriental","2019-25"
"Negros Oriental","2019-26"
"Negros Oriental","2019-27"
"Negros Oriental","2019-28"
"Negros Oriental","2019-29"
"Negros Oriental","2019-30"
"Negros Oriental","2019-31"
"Negros Oriental","2019-32"
"Negros Oriental","2019-33"
"Leyte","2016-19"
"Leyte","2016-20"
"Leyte","2016-21"
"Leyte","2016-22"
"Leyte","2016-23"
"Leyte","2016-24"
"Leyte","2016-25"
"Leyte","2016-26"
"Leyte","2016-27"
"Leyte","2016-28"
"Leyte","2016-29"
"Leyte","2016-30"
"Leyte","2016-31"
"Leyte","2016-32"
"Leyte","2016-33"
"Leyte","2016-34"
"Leyte","2016-35"
"Leyte","2016-36"
"Leyte","2016-37"
"Leyte","2016-38"
"Leyte","2016-39"
"Leyte","2016-40"
"Leyte","2016-41"
"Leyte","2016-42"
"Leyte","2016-43"
"Leyte","2016-44"
"Leyte","2016-45"
"Samar","2016-19"
"Samar","2016-20"
"Samar","2016-21"
"Samar","2016-22"
"Samar","2016-23"
"Samar","2016-24"
"Samar","2016-25"
"Samar","2016-26"
"Samar","2016-27"
"Samar","2016-28"
"Samar","2016-29"
"Samar","2016-30"
"Samar","2016-31"
"Samar","2016-32"
"Samar","2016-33"
"Samar","2016-34"
"Samar","2016-35"
"Zamboanga del Norte","2016-19"
"Zamboanga del Norte","2016-20"
"Zamboanga del Norte","2016-21"
"Zamboanga del Norte","2016-22"
"Zamboanga del Norte","2016-23"
"Zamboanga del Norte","2016-24"
"Zamboanga del Norte","2016-25"
"Zamboanga del Norte","2016-26"
"Zamboanga del Norte","2016-27"
"Zamboanga del Norte","2016-28"
"Zamboanga del Norte","2016-29"
"Zamboanga del Norte","2016-30"
"Zamboanga del Norte","2016-31"
"Zamboanga del Norte","2016-32"
"Zamboanga del Norte","2016-33"
"Zamboanga del Norte","2016-34"
"Zamboanga del Norte","2016-35"
"Zamboanga del Norte","2016-36"
"Zamboanga del Norte","2016-37"
"Zamboanga del Norte","2016-38"
"Zamboanga del Norte","2016-39"
"Zamboanga del Norte","2016-40"
"Zamboanga del Norte","2016-41"
"Zamboanga del Norte","2016-42"
"Zamboanga del Norte","2016-43"
"Zamboanga del Norte","2016-44"
"Zamboanga del Norte","2016-45"
"Zamboanga del Norte","2016-46"
"Lanao del Norte","2016-19"
"Lanao del Norte","2016-20"
"Lanao del Norte","2016-21"
"Lanao del Norte","2016-22"
"Lanao del Norte","2016-23"
"Lanao del Norte","2016-24"
"Lanao del Norte","2016-25"
"Lanao del Norte","2016-26"
"Lanao del Norte","2016-27"
"Lanao del Norte","2016-28"
"Lanao del Norte","2016-29"
"Lanao del Norte","2016-30"
"Lanao del Norte","2016-31"
"Lanao del Norte","2016-32"
"Lanao del Norte","2016-33"
"Lanao del Norte","2016-34"
"Lanao del Norte","2016-35"
"Lanao del Norte","2016-36"
"Lanao del Norte","2016-37"
"Lanao del Norte","2016-38"
"Lanao del Norte","2016-39"
"Lanao del Norte","2016-40"
"Lanao del Norte","2016-41"
"Lanao del Norte","2016-42"
"Lanao del Norte","2016-43"
"Lanao del Norte","2016-44"
"Misamis Occidental","2016-19"
"Misamis Occidental","2016-20"
"Misamis Occidental","2016-21"
"Misamis Occidental","2016-22"
"Misamis Occidental","2016-23"
"Misamis Occidental","2016-24"
"Misamis Occidental","2016-25"
"Misamis Occidental","2016-26"
"Misamis Occidental","2016-27"
"Misamis Occidental","2016-28"
"Misamis Occidental","2016-29"
"Misamis Occidental","2016-30"
"Misamis Occidental","2016-31"
"Misamis Occidental","2016-32"
"Misamis Occidental","2016-33"
"Misamis Occidental","2016-34"
"Misamis Occidental","2016-35"
"Misamis Occidental","2016-36"
"Misamis Occidental","2016-37"
"Misamis Occidental","2016-38"
"Misamis Occidental","2016-39"
"Misamis Occidental","2016-40"
"Misamis Occidental","2016-41"
"Misamis Oriental","2016-19"
"Misamis Oriental","2016-20"
"Misamis Oriental","2016-21"
"Misamis Oriental","2016-22"
"Misamis Oriental","2016-23"
"Misamis Oriental","2016-24"
"Misamis Oriental","2016-25"
"Misamis Oriental","2016-26"
"Misamis Oriental","2016-27"
"Misamis Oriental","2016-28"
"Misamis Oriental","2016-29"
"Misamis Oriental","2016-30"
"Misamis Oriental","2016-31"
"Misamis Oriental","2018-35"
"Misamis Oriental","2018-36"
"Misamis Oriental","2018-37"
"Misamis Oriental","2018-38"
"Misamis Oriental","2018-39"
"Misamis Oriental","2018-40"
"Misamis Oriental","2018-41"
"Misamis Oriental","2018-42"
"Misamis Oriental","2018-43"
"Misamis Oriental","2018-44"
"Misamis Oriental","2018-45"
"Davao del Norte","2016-19"
"Davao del Norte","2016-20"
"Davao del Norte","2016-21"
"Davao del Norte","2016-22"
"Davao del Norte","2016-23"
"Davao del Norte","2016-24"
"Davao del Norte","2016-25"
"Davao del Norte","2016-26"
"Davao del Norte","2016-27"
"Davao del Norte","2016-28"
"Davao del Norte","2016-29"
"Davao del Norte","2016-30"
"Davao del Norte","2016-31"
"Davao del Norte","2016-32"
"Davao del Norte","2016-33"
"Davao del Norte","2016-34"
"Davao del Norte","2016-35"
"Davao del Norte","2016-36"
"Davao del Norte","2016-37"
"Davao del Norte","2016-38"
"Davao del Norte","2016-39"
"Davao del Norte","2016-40"
"Davao del Norte","2016-41"
"Davao del Norte","2016-42"
"Davao del Norte","2016-43"
"Davao del Norte","2016-44"
"Davao del Norte","2016-45"
"Davao del Norte","2016-46"
"Davao del Norte","2016-47"
"Davao del Norte","2016-48"
"Davao del Norte","2016-49"
"Davao del Norte","2016-50"
"Davao del Norte","2016-51"
"Davao del Norte","2016-52"
"Davao del Norte","2017-01"
"Davao del Norte","2017-02"
"Davao del Norte","2017-03"
"Davao del Norte","2017-04"
"Davao del Norte","2017-05"
"Davao del Norte","2017-06"
"Davao del Norte","2017-07"
"Davao del Norte","2017-08"
"Davao del Norte","2017-09"
"Davao del Norte","2017-10"
"Davao del Norte","2017-11"
"Davao del Norte","2017-12"
"Davao del Norte","2017-13"
"Davao del Norte","2017-14"
"Davao del Norte","2017-15"
"Davao del Norte","2017-16"
"Davao del Norte","2017-17"
"Davao del Norte","2017-18"
"Davao del Norte","2017-19"
"Davao del Norte","2017-20"
"Davao del Norte","2017-21"
"Davao del Norte","2017-22"
"Davao del Norte","2017-23"
"Davao del Norte","2017-24"
"Davao del Norte","2017-25"
"Davao del Norte","2017-26"
"Davao del Norte","2017-27"
"Davao del Norte","2017-28"
"Davao del Norte","2017-29"
"Davao del Norte","2017-30"
"Davao del Norte","2017-31"
"Davao del Norte","2017-32"
"Davao del Norte","2017-33"
"Davao del Norte","2017-34"
"Davao del Norte","2017-35"
"Davao del Norte","2017-36"
"Davao del Sur","2016-19"
"Davao del Sur","2016-20"
"Davao del Sur","2016-21"
"Davao del Sur","2016-22"
"Davao del Sur","2016-23"
"Davao del Sur","2016-24"
"Davao del Sur","2016-25"
"Davao del Sur","2016-26"
"Davao del Sur","2016-27"
"Davao del Sur","2016-28"
"Davao del Sur","2016-29"
"Davao del Sur","2016-30"
"Davao del Sur","2016-31"
"Davao del Sur","2016-32"
"Davao del Sur","2016-33"
"Davao del Sur","2016-34"
"Davao Oriental","2016-19"
"Davao Oriental","2016-20"
"Davao Oriental","2016-21"
"Davao Oriental","2016-22"
"Davao Oriental","2016-23"
"Davao Oriental","2016-24"
"Davao Oriental","2016-25"
"Davao Oriental","2016-26"
"Davao Oriental","2016-27"
"Davao Oriental","2016-28"
"Davao Oriental","2016-29"
"Davao Oriental","2016-30"
"Davao Oriental","2016-31"
"Davao Oriental","2016-32"
"Davao Oriental","2016-33"
"Davao Oriental","2016-34"
"Davao Oriental","2016-35"
"Davao Oriental","2016-36"
"Davao Oriental","2016-37"
"Davao Oriental","2016-38"
"Davao Oriental","2016-39"
"Davao Oriental","2016-40"
"Davao Oriental","2016-41"
"Davao Oriental","2016-42"
"Davao Oriental","2016-43"
"Davao Oriental","2016-44"
"Davao Oriental","2016-45"
"Davao Oriental","2016-46"
"Davao Oriental","2016-47"
"Davao Oriental","2016-48"
"Davao Oriental","2016-49"
"Davao Oriental","2016-50"
"Davao Oriental","2016-51"
"Davao Oriental","2016-52"
"Davao Oriental","2017-01"
"Davao Oriental","2017-02"
"Davao Oriental","2017-30"
"Davao Oriental","2017-31"
"Davao Oriental","2017-32"
"Davao Oriental","2017-33"
"Davao Oriental","2017-34"
"Davao Oriental","2017-35"
"Davao Oriental","2017-36"
"Davao Oriental","2017-37"
"Davao Oriental","2017-38"
"Davao Oriental","2017-39"
"Davao Oriental","2017-40"
"Davao Oriental","2017-41"
"Davao Oriental","2017-42"
"Davao Oriental","2017-43"
"Davao Oriental","2017-44"
"Davao Oriental","2017-45"
"Davao Oriental","2017-46"
"Davao Oriental","2017-47"
"Davao Oriental","2017-48"
"Davao Oriental","2017-49"
"Davao Oriental","2017-50"
"Davao Oriental","2017-51"
"Davao Oriental","2017-52"
"Davao Oriental","2018-01"
"Davao Oriental","2018-02"
"Davao Oriental","2018-03"
"Davao Oriental","2018-04"
"Davao Oriental","2018-05"
"Davao Oriental","2018-06"
"Davao Oriental","2018-07"
"Davao Oriental","2018-08"
"Davao Oriental","2018-09"
"Davao Oriental","2018-10"
"Compostela Valley","2016-19"
"Compostela Valley","2016-20"
"Compostela Valley","2016-21"
"Compostela Valley","2016-22"
"Compostela Valley","2016-23"
"Compostela Valley","2016-24"
"Compostela Valley","2016-25"
"Compostela Valley","2016-26"
"Compostela Valley","2016-27"
"Compostela Valley","2016-28"
"Compostela Valley","2016-29"
"Compostela Valley","2016-30"
"Compostela Valley","2016-31"
"Compostela Valley","2016-32"
"Compostela Valley","2016-33"
"Compostela Valley","2016-34"
"Compostela Valley","2016-35"
"Compostela Valley","2016-36"
"Compostela Valley","2016-37"
"Compostela Valley","2016-38"
"Compostela Valley","2016-39"
"Compostela Valley","2016-40"
"Compostela Valley","2016-41"
"Compostela Valley","2016-42"
"Compostela Valley","2016-43"
"Compostela Valley","2016-44"
"Compostela Valley","2016-45"
"Compostela Valley","2016-46"
"Compostela Valley","2017-14"
"Compostela Valley","2017-15"
"Compostela Valley","2017-16"
"Compostela Valley","2017-17"
"Compostela Valley","2017-18"
"Compostela Valley","2017-19"
"Compostela Valley","2017-20"
"Compostela Valley","2017-21"
"Compostela Valley","2017-22"
"Compostela Valley","2017-23"
"Compostela Valley","2017-24"
"Compostela Valley","2017-25"
"Compostela Valley","2017-26"
"Compostela Valley","2017-27"
"Compostela Valley","2017-28"
"Compostela Valley","2017-29"
"Compostela Valley","2017-30"
"Compostela Valley","2017-31"
"Compostela Valley","2017-32"
"Compostela Valley","2017-33"
"Compostela Valley","2017-34"
"Compostela Valley","2017-35"
"Compostela Valley","2017-36"
"Compostela Valley","2017-37"
"Compostela Valley","2017-38"
"Cotabato","2016-19"
"Cotabato","2016-20"
"Cotabato","2016-21"
"Cotabato","2016-22"
"Cotabato","2016-23"
"Cotabato","2016-24"
"Cotabato","2016-25"
"Cotabato","2016-26"
"Cotabato","2016-27"
"Cotabato","2016-28"
"Cotabato","2016-29"
"Cotabato","2016-30"
"Cotabato","2016-31"
"Cotabato","2016-32"
"Cotabato","2016-33"
"Cotabato","2016-34"
"Cotabato","2016-35"
"Cotabato","2016-36"
"Cotabato","2016-37"
"Cotabato","2016-38"
"Cotabato","2016-39"
"Cotabato","2016-40"
"Cotabato","2016-41"
"Cotabato","2016-42"
"Cotabato","2016-43"
"Cotabato","2016-44"
"Cotabato","2016-45"
"Cotabato","2016-46"
"Cotabato","2016-47"
"Cotabato","2016-48"
"Cotabato","2016-49"
"Cotabato","2016-50"
"Cotabato","2016-51"
"Cotabato","2016-52"
"Cotabato","2017-01"
"Cotabato","2017-02"
"Cotabato","2017-03"
"Cotabato","2017-04"
"Cotabato","2017-18"
"Cotabato","2017-19"
"Cotabato","2017-20"
"Cotabato","2017-21"
"Cotabato","2017-22"
"Cotabato","2017-23"
"Cotabato","2017-24"
"Cotabato","2017-25"
"Cotabato","2017-26"
"Cotabato","2017-27"
"Cotabato","2017-28"
"Cotabato","2017-29"
"Cotabato","2017-30"
"Cotabato","2017-31"
"Cotabato","2017-32"
"Cotabato","2017-33"
"Cotabato","2017-34"
"Cotabato","2017-35"
"Cotabato","2017-36"
"Cotabato","2017-37"
"Cotabato","2017-38"
"Cotabato","2017-39"
"Cotabato","2017-40"
"Cotabato","2017-41"
"Cotabato","2017-42"
"Cotabato","2017-43"
"Cotabato","2017-44"
"Cotabato","2017-45"
"Cotabato","2017-46"
"Cotabato","2017-47"
"Cotabato","2017-48"
"Cotabato","2017-49"
"Cotabato","2018-20"
"Cotabato","2018-21"
"Cotabato","2018-22"
"Cotabato","2018-23"
"Cotabato","2018-24"
"Cotabato","2018-25"
"Cotabato","2018-26"
"Cotabato","2018-27"
"Cotabato","2018-28"
"Cotabato","2018-29"
"Cotabato","2018-30"
"Cotabato","2018-31"
"Cotabato","2018-32"
"Cotabato","2018-33"
"Cotabato","2018-34"
"Cotabato","2018-35"
"Cotabato","2018-36"
"Cotabato","2018-37"
"Cotabato","2018-38"
"Cotabato","2018-39"
"Cotabato","2018-40"
"Cotabato","2018-41"
"Cotabato","2018-42"
"Cotabato","2018-43"
"Cotabato","2018-44"
"Cotabato","2018-45"
"Cotabato","2018-46"
"Cotabato","2018-47"
"Cotabato","2018-48"
"Cotabato","2018-49"
"South Cotabato","2016-19"
"South Cotabato","2016-20"
"South Cotabato","2016-21"
"South Cotabato","2016-22"
"South Cotabato","2016-23"
"South Cotabato","2016-24"
"South Cotabato","2016-25"
"South Cotabato","2016-26"
"South Cotabato","2016-27"
"South Cotabato","2016-28"
"South Cotabato","2016-29"
"South Cotabato","2016-30"
"South Cotabato","2016-31"
"South Cotabato","2016-32"
"South Cotabato","2016-33"
"South Cotabato","2016-34"
"South Cotabato","2016-35"
"South Cotabato","2016-36"
"South Cotabato","2016-37"
"South Cotabato","2016-38"
"South Cotabato","2016-39"
"South Cotabato","2016-40"
"South Cotabato","2016-41"
"South Cotabato","2016-42"
"South Cotabato","2016-43"
"South Cotabato","2016-44"
"South Cotabato","2016-45"
"South Cotabato","2016-46"
"South Cotabato","2018-29"
"South Cotabato","2018-30"
"South Cotabato","2018-31"
"South Cotabato","2018-32"
"South Cotabato","2018-33"
"South Cotabato","2018-34"
"South Cotabato","2018-35"
"South Cotabato","2018-36"
"South Cotabato","2018-37"
"South Cotabato","2018-38"
"South Cotabato","2018-39"
"South Cotabato","2018-40"
"South Cotabato","2018-41"
"South Cotabato","2018-42"
"South Cotabato","2018-43"
"Sultan Kudarat","2016-19"
"Sultan Kudarat","2016-20"
"Sultan Kudarat","2016-21"
"Sultan Kudarat","2016-22"
"Sultan Kudarat","2016-23"
"Sultan Kudarat","2016-24"
"Sultan Kudarat","2016-25"
"Sultan Kudarat","2016-26"
"Sultan Kudarat","2016-27"
"Sultan Kudarat","2016-28"
"Sultan Kudarat","2016-29"
"Sultan Kudarat","2016-30"
"Sultan Kudarat","2016-31"
"Sultan Kudarat","2016-32"
"Sultan Kudarat","2016-33"
"Sultan Kudarat","2016-34"
"Sultan Kudarat","2016-35"
"Sultan Kudarat","2016-36"
"Sultan Kudarat","2016-37"
"Sultan Kudarat","2016-38"
"Sultan Kudarat","2016-39"
"Sultan Kudarat","2016-40"
"Sultan Kudarat","2016-41"
"Sultan Kudarat","2016-42"
"Sultan Kudarat","2016-43"
"Sultan Kudarat","2016-44"
"Sultan Kudarat","2016-45"
"Sultan Kudarat","2016-46"
"Sultan Kudarat","2016-47"
"Sultan Kudarat","2016-48"
"Sultan Kudarat","2016-49"
"Sultan Kudarat","2016-50"
"Sultan Kudarat","2016-51"
"Sultan Kudarat","2016-52"
"Sultan Kudarat","2017-01"
"Sultan Kudarat","2017-02"
"Sultan Kudarat","2018-28"
"Sultan Kudarat","2018-29"
"Sultan Kudarat","2018-30"
"Sultan Kudarat","2018-31"
"Sultan Kudarat","2018-32"
"Sultan Kudarat","2018-33"
"Sultan Kudarat","2018-34"
"Sultan Kudarat","2018-35"
"Sultan Kudarat","2018-36"
"Sultan Kudarat","2018-37"
"Sultan Kudarat","2018-38"
"Sultan Kudarat","2018-39"
"Sultan Kudarat","2018-40"
"Sultan Kudarat","2018-41"
"Sultan Kudarat","2018-42"
"Sultan Kudarat","2018-43"
"Sultan Kudarat","2018-44"
"Sultan Kudarat","2018-45"
"Sultan Kudarat","2018-46"
"Sultan Kudarat","2018-47"
"Sultan Kudarat","2018-48"
"Sultan Kudarat","2018-49"
"Sultan Kudarat","2018-50"
"Sultan Kudarat","2018-51"
"Sultan Kudarat","2018-52"
"Sultan Kudarat","2019-01"
"Sultan Kudarat","2019-02"
"Sultan Kudarat","2019-03"
"Sultan Kudarat","2019-04"
"Sultan Kudarat","2019-05"
"Sultan Kudarat","2019-06"
"Sultan Kudarat","2019-07"
"Sultan Kudarat","2019-08"
"Sultan Kudarat","2019-09"
"Sultan Kudarat","2019-10"
"Sultan Kudarat","2019-11"
"Sultan Kudarat","2019-12"
"Sultan Kudarat","2019-13"
"Sultan Kudarat","2019-14"
"Sultan Kudarat","2019-15"
"Sultan Kudarat","2019-16"
"Sultan Kudarat","2019-17"
"Sultan Kudarat","2019-18"
"Sultan Kudarat","2019-19"
"Sultan Kudarat","2019-20"
"Sultan Kudarat","2019-21"
"National Capital Region","2016-19"
"National Capital Region","2016-20"
"National Capital Region","2016-21"
"National Capital Region","2016-22"
"National Capital Region","2016-23"
"National Capital Region","2016-24"
"National Capital Region","2016-25"
"National Capital Region","2016-26"
"National Capital Region","2016-27"
"National Capital Region","2016-28"
"National Capital Region","2016-29"
"National Capital Region","2016-30"
"National Capital Region","2016-31"
"National Capital Region","2016-32"
"National Capital Region","2016-33"
"National Capital Region","2016-34"
"National Capital Region","2016-35"
"National Capital Region","2016-36"
"National Capital Region","2016-37"
"National Capital Region","2016-38"
"National Capital Region","2016-39"
"National Capital Region","2016-40"
"National Capital Region","2016-41"
"National Capital Region","2016-42"
"National Capital Region","2016-43"
"National Capital Region","2016-44"
"National Capital Region","2016-45"
"National Capital Region","2016-46"
"National Capital Region","2016-47"
"National Capital Region","2016-48"
"National Capital Region","2016-49"
"National Capital Region","2016-50"
"National Capital Region","2016-51"
"National Capital Region","2016-52"
"National Capital Region","2017-01"
"National Capital Region","2017-02"
"National Capital Region","2017-03"
"National Capital Region","2017-04"
"National Capital Region","2017-05"
"National Capital Region","2017-06"
"National Capital Region","2017-07"
"National Capital Region","2017-08"
"National Capital Region","2017-09"
"National Capital Region","2017-10"
"National Capital Region","2017-11"
"National Capital Region","2017-12"
"National Capital Region","2017-13"
"National Capital Region","2017-14"
"National Capital Region","2017-15"
"National Capital Region","2017-16"
"National Capital Region","2017-17"
"National Capital Region","2017-18"
"National Capital Region","2017-19"
"National Capital Region","2017-20"
"National Capital Region","2017-21"
"National Capital Region","2017-22"
"National Capital Region","2017-23"
"National Capital Region","2017-24"
"National Capital Region","2017-25"
"National Capital Region","2017-26"
"National Capital Region","2017-27"
"National Capital Region","2017-28"
"National Capital Region","2017-29"
"National Capital Region","2017-30"
"National Capital Region","2017-31"
"National Capital Region","2017-32"
"National Capital Region","2017-33"
"National Capital Region","2017-34"
"National Capital Region","2017-35"
"National Capital Region","2017-36"
"National Capital Region","2017-37"
"National Capital Region","2017-38"
"National Capital Region","2017-39"
"National Capital Region","2017-40"
"National Capital Region","2017-41"
"Agusan del Norte","2016-19"
"Agusan del Norte","2016-20"
"Agusan del Norte","2016-21"
"Agusan del Norte","2016-22"
"Agusan del Norte","2016-23"
"Agusan del Norte","2016-24"
"Agusan del Norte","2016-25"
"Agusan del Norte","2016-26"
"Agusan del Norte","2016-27"
"Agusan del Norte","2016-28"
"Agusan del Norte","2016-29"
"Agusan del Norte","2016-30"
"Agusan del Norte","2016-31"
"Agusan del Norte","2016-32"
"Agusan del Norte","2016-33"
"Agusan del Norte","2016-34"
"Agusan del Norte","2016-35"
"Agusan del Norte","2016-36"
"Agusan del Norte","2016-37"
"Agusan del Norte","2016-38"
"Agusan del Norte","2016-39"
"Agusan del Norte","2016-40"
"Agusan del Norte","2016-41"
"Agusan del Norte","2016-42"
"Agusan del Norte","2016-43"
"Agusan del Norte","2016-44"
"Agusan del Norte","2016-45"
"Agusan del Norte","2016-46"
"Agusan del Norte","2016-47"
"Agusan del Norte","2016-48"
"Agusan del Norte","2016-49"
"Agusan del Norte","2016-50"
"Agusan del Norte","2016-51"
"Agusan del Norte","2016-52"
"Agusan del Norte","2017-01"
"Agusan del Norte","2017-02"
"Agusan del Norte","2017-03"
"Agusan del Norte","2017-04"
"Agusan del Norte","2017-05"
"Agusan del Norte","2017-06"
"Agusan del Norte","2017-07"
"Agusan del Norte","2017-08"
"Agusan del Norte","2017-09"
"Agusan del Norte","2017-10"
"Agusan del Norte","2017-11"
"Agusan del Norte","2017-12"
"Agusan del Norte","2017-13"
"Agusan del Norte","2017-14"
"Agusan del Norte","2017-15"
"Agusan del Norte","2017-16"
"Agusan del Norte","2018-35"
"Agusan del Norte","2018-36"
"Agusan del Norte","2018-37"
"Agusan del Norte","2018-38"
"Agusan del Norte","2018-39"
"Agusan del Norte","2018-40"
"Agusan del Sur","2016-19"
"Agusan del Sur","2016-20"
"Agusan del Sur","2016-21"
"Agusan del Sur","2016-22"
"Agusan del Sur","2016-23"
"Agusan del Sur","2016-24"
"Agusan del Sur","2016-25"
"Agusan del Sur","2016-26"
"Agusan del Sur","2016-27"
"Agusan del Sur","2016-28"
"Agusan del Sur","2016-29"
"Agusan del Sur","2016-30"
"Agusan del Sur","2016-31"
"Agusan del Sur","2016-32"
"Agusan del Sur","2016-33"
"Agusan del Sur","2016-34"
"Agusan del Sur","2016-35"
"Agusan del Sur","2016-36"
"Agusan del Sur","2016-37"
"Agusan del Sur","2016-38"
"Agusan del Sur","2016-39"
"Agusan del Sur","2016-40"
"Agusan del Sur","2016-41"
"Agusan del Sur","2016-42"
"Agusan del Sur","2016-43"
"Agusan del Sur","2016-44"
"Agusan del Sur","2016-45"
"Agusan del Sur","2016-46"
"Agusan del Sur","2016-47"
"Agusan del Sur","2016-48"
"Agusan del Sur","2016-49"
"Surigao del Norte","2016-37"
"Surigao del Norte","2016-38"
"Surigao del Norte","2016-39"
"Surigao del Norte","2016-40"
"Surigao del Norte","2016-41"
"Surigao del Norte","2016-42"
"Surigao del Norte","2016-43"
"Surigao del Norte","2016-44"
"Surigao del Norte","2016-45"
"Surigao del Norte","2016-46"
"Surigao del Norte","2016-47"
"Surigao del Norte","2016-48"
"Surigao del Norte","2016-49"
"Surigao del Norte","2016-50"
"Surigao del Norte","2016-51"
"Surigao del Norte","2016-52"
"Surigao del Norte","2017-01"
"Surigao del Norte","2017-02"
"Surigao del Norte","2017-03"
"Surigao del Norte","2017-04"
"Surigao del Norte","2017-05"
"Surigao del Norte","2017-06"
"Surigao del Norte","2017-07"
"Surigao del Norte","2017-08"
"Surigao del Norte","2017-09"
"Surigao del Norte","2017-10"
"Surigao del Norte","2017-11"
"Surigao del Norte","2017-12"
"Surigao del Norte","2017-13"
"Surigao del Norte","2017-14"
"Surigao del Norte","2017-15"
"Surigao del Norte","2017-16"
"Surigao del Norte","2017-17"
"Surigao del Norte","2017-18"
"Surigao del Norte","2017-19"
"Surigao del Norte","2017-20"
"Surigao del Norte","2017-21"
"Surigao del Norte","2017-22"
"Oriental Mindoro","2016-19"
"Oriental Mindoro","2016-20"
"Oriental Mindoro","2016-21"
"Oriental Mindoro","2016-22"
"Oriental Mindoro","2016-23"
"Oriental Mindoro","2016-24"
"Oriental Mindoro","2016-25"
"Oriental Mindoro","2016-26"
"Oriental Mindoro","2016-27"
"Oriental Mindoro","2016-28"
"Oriental Mindoro","2016-29"
"Oriental Mindoro","2016-30"
"Oriental Mindoro","2016-31"
"Oriental Mindoro","2016-32"
